<?xml version="1.0"?>
 <rdf:RDF xmlns:rdf="http://www.w3.org/1999/02/22-rdf-syntax-ns#"
     xmlns:rdfs="http://www.w3.org/2000/01/rdf-schema#">
    <rdfs:Class rdf:ID="Region">
        <rdfs:commment >Region</rdfs:commment>
    </rdfs:Class>
    <rdfs:Class rdf:ID="Annee">
        <rdfs:commment >Annee</rdfs:commment>
        <rdfs:subClassOf rdf:resource="#Region"/>
    </rdfs:Class>
    
    <rdf:Property rdf:ID="hommes">
        <rdfs:domain rdf:resource="#Region"/>

        <rdfs:range rdf:resource="#Region"/>
    </rdf:Property>
    <rdf:Property rdf:ID="femmes">
        
        <rdfs:domain rdf:resource="#Region"/>

        <rdfs:range rdf:resource="#Region"/>
    </rdf:Property>
    
  </rdf:RDF>
    