<?xml version="1.0"?>
 <rdf:RDF xmlns:rdf="http://www.w3.org/1999/02/22-rdf-syntax-ns#"
     xmlns:rdfs="http://www.w3.org/2000/01/rdf-schema#">
    <rdfs:Class rdf:ID="Annee">
        <rdfs:commment >Annee</rdfs:commment>
    </rdfs:Class>
    <rdfs:Class rdf:ID="Cereale">
        <rdfs:commment >Cereale</rdfs:commment>
    </rdfs:Class>
    
    <rdf:Property rdf:ID="productionEnTonneMil">
        <rdfs:domain rdf:resource="#Annee"/>
        <rdfs:range rdf:resource="#Annee"/>
    </rdf:Property>
    <rdf:Property rdf:ID="productionEnTonneMais">
        <rdfs:domain rdf:resource="#Annee"/>
        <rdfs:range rdf:resource="#Annee"/>
    </rdf:Property>
    <rdf:Property rdf:ID="productionEnTonneFonio">
        <rdfs:domain rdf:resource="#Annee"/>
        <rdfs:range rdf:resource="#Annee"/>
    </rdf:Property>
    <rdf:Property rdf:ID="productionEnTonneRiz">
        <rdfs:domain rdf:resource="#Annee"/>
        <rdfs:range rdf:resource="#Annee"/>
    </rdf:Property>
    <rdf:Property rdf:ID="productionEnTonneSorghoBlanc">
        <rdfs:domain rdf:resource="#Annee"/>
        <rdfs:range rdf:resource="#Annee"/>
    </rdf:Property>
    <rdf:Property rdf:ID="productionEnTonneSorghoRouge">
        <rdfs:domain rdf:resource="#Annee"/>
        <rdfs:range rdf:resource="#Annee"/>
    </rdf:Property>
    
  </rdf:RDF>