<?xml version="1.0"?>
 <rdf:RDF xmlns:rdf="http://www.w3.org/1999/02/22-rdf-syntax-ns#"
     xmlns:rdfs="http://www.w3.org/2000/01/rdf-schema#">
    <rdfs:Class rdf:ID="Annee">
        <rdfs:commment >Anne</rdfs:commment>
    </rdfs:Class>
    
    <rdf:Property rdf:ID="populationRurale">
        <rdfs:domain rdf:resource="#Annee"/>

        <rdfs:range rdf:resource="#Annee"/>
    </rdf:Property>
    <rdf:Property rdf:ID="populationUrbaine">
        
        <rdfs:domain rdf:resource="#Annee"/>
        <rdfs:range rdf:resource="#Annee"/>
    </rdf:Property>
    
  </rdf:RDF>