<?xml version="1.0"?>
 <rdf:RDF xmlns:rdf="http://www.w3.org/1999/02/22-rdf-syntax-ns#"
     xmlns:rdfs="http://www.w3.org/2000/01/rdf-schema#">
    <rdfs:Class rdf:ID="Province">
        <rdfs:commment >Province</rdfs:commment>
    </rdfs:Class>
    
    <rdf:Property rdf:ID="aObtenuCredit">
        <rdfs:domain rdf:resource="#Province"/>

        <rdfs:range rdf:resource="#Province"/>
    </rdf:Property>
    <rdf:Property rdf:ID="pasObtenuDeCredit">
        
        <rdfs:domain rdf:resource="#Province"/>
        <rdfs:range rdf:resource="#Province"/>
    </rdf:Property>
    
  </rdf:RDF>
    
    

